,target_company,actual_pe_y
0,Iber Conseil Espana SA (75.00% stake),abac capital sl
1,Grupo Agroponiente SL,abac capital sl
2,"MBA Incorporado, S.L.",alantra private equity 
3,Birsa Srl (56.00% stake),charme capital partners sgr spa
4,Zephyro SpA,dea capital alternative funds sgr spa
5,ImportFab Inc.,simest s.p.a.
6,Global Proxy Solicitations (GPS),simest s.p.a.
7,"Exor Electronic Research And Development, Inc (44.00% stake)",simest s.p.a.
8,Almaviva do Brasil Telemarketing e Informatica  (5.00% stake),simest s.p.a.
9,Gruppo PSC S.p.A. (9.60% stake),simest s.p.a.
10,Proger SpA (27.40% stake),simest s.p.a.
11,IDS Ingegneria Dei Sistemi S.p.A. (24.10% stake),simest s.p.a.
12,Hospital da Lapa,"atena equity partners - scr, s.a."
13,Hospital Soerad (100.00% stake),"atena equity partners - scr, s.a."
14,Hospital Particular de Almada (100.00% stake),"atena equity partners - scr, s.a."
15,Malo Clinic,"atena equity partners - scr, s.a."
16,Hospital Veterinario Tras-os-Montes,"inter-risco sociedade de capital de risco, s.a."
17,Oncovet - Instituto Medico e Oncologico Veterinario,"inter-risco sociedade de capital de risco, s.a."
18,Clinica Veterinaria Clinicao,"inter-risco sociedade de capital de risco, s.a."
19,Clinica Veterinaria de Canidelo,"inter-risco sociedade de capital de risco, s.a."
20,Hospital Veterinario do Seixal,"inter-risco sociedade de capital de risco, s.a."
21,Clinica Veterinaria de Famalicao,"inter-risco sociedade de capital de risco, s.a."
22,Clinica Veterinaria de Gondomar,"inter-risco sociedade de capital de risco, s.a."
23,Clinica Veterinaria da Bairrada; Hospital Veterinario do Baixo Vouga; Policlinica Veterinaria de Aveiro,"inter-risco sociedade de capital de risco, s.a."
24,Clinica Veterinaria Alto de Alges; Instituto Veterinario D. Sancho I; Instituto Veterinario do Alto do Restelo,"inter-risco sociedade de capital de risco, s.a."
25,Hospital Veterinario do Porto,"inter-risco sociedade de capital de risco, s.a."
26,"Moneris Risa - Servicos de Gestao, S.A","inter-risco sociedade de capital de risco, s.a."
27,"Paseco - Consultores de Gestao, Lda.","inter-risco sociedade de capital de risco, s.a."
28,Moneris DV,"inter-risco sociedade de capital de risco, s.a."
29,"Moneris-Granja, Lda.","inter-risco sociedade de capital de risco, s.a."
30,"Moneris Contaniza - Servicos de Gestao, Lda.","inter-risco sociedade de capital de risco, s.a."
31,"Space Green - Servicos de Consultadoria, Unipessoal Lda","inter-risco sociedade de capital de risco, s.a."
32,GECAF-Gabinete de Estudos de Contabilidade e Assistencia Fiscal Lda,"inter-risco sociedade de capital de risco, s.a."
33,A. Maia,"inter-risco sociedade de capital de risco, s.a."
34,"Moneris Tras-os-Montes Servicos de Gestao, S.A.","inter-risco sociedade de capital de risco, s.a."
35,Antonio da Costa Santos,"inter-risco sociedade de capital de risco, s.a."
36,Segurorga,"inter-risco sociedade de capital de risco, s.a."
37,"Moneris Algarve - Servicos de Gestao, S.A.","inter-risco sociedade de capital de risco, s.a."
38,Cristalconta,"inter-risco sociedade de capital de risco, s.a."
39,"Nova D2 - Contabilidade e Apoio A Gestao, S.A","inter-risco sociedade de capital de risco, s.a."
40,Rio Centro,"inter-risco sociedade de capital de risco, s.a."
41,Organizacao Tecnica de Contabilidade e Assistencia Fiscal Lda,"inter-risco sociedade de capital de risco, s.a."
42,New Expresso Co,"inter-risco sociedade de capital de risco, s.a."
43,Gestimafra,"inter-risco sociedade de capital de risco, s.a."
44,Copirisco,"inter-risco sociedade de capital de risco, s.a."
45,"Inspeccoes Amoreira - Inspeccoes Tecnicas A Veiculos, Lda","inter-risco sociedade de capital de risco, s.a."
46,"Eurolider - Sociedade de Tecnicos de Contas, Lda","inter-risco sociedade de capital de risco, s.a."
47,"Master Test Alfena - Inspeccao de Veiculos, S.a","inter-risco sociedade de capital de risco, s.a."
48,Cipoeste,"inter-risco sociedade de capital de risco, s.a."
49,Gabinete Tecnico de Execucao de Contabilidade Lda,"inter-risco sociedade de capital de risco, s.a."
50,Contiguia-Gabinete de Contabilidade e Fiscalidade da Guia SA,"inter-risco sociedade de capital de risco, s.a."
51,Rui Martins,"inter-risco sociedade de capital de risco, s.a."
52,IVE,"inter-risco sociedade de capital de risco, s.a."
53,Accountec-Servicos de Gestao SA,"inter-risco sociedade de capital de risco, s.a."
54,Inforegisto-sociedade De Servicos Sa,"inter-risco sociedade de capital de risco, s.a."
55,Rigorauto-Inspeccoes Lda,"inter-risco sociedade de capital de risco, s.a."
56,"MasterTest Maia - Inspeccao de Veiculos, S.A","inter-risco sociedade de capital de risco, s.a."
57,Centro de Inspeccoes de Veiculos Automoveis J Pintao Lda,"inter-risco sociedade de capital de risco, s.a."
58,"MasterTest Castro Verde - Inspeccao de Veiculos, S.A.","inter-risco sociedade de capital de risco, s.a."
59,"Servilimpe - Limpezas Tecnicas Mecanizadas, S.A.","inter-risco sociedade de capital de risco, s.a."
60,Automaise SA,oxy capital sgps sa
61,Bloqstrx Lda,oxy capital sgps sa
62,"Noniussoft, Software e Consultoria para Telecomunicacoes, S.A.",oxy capital sgps sa
63,Docout SL (100.00% stake),vallis capital partners sgps sa
64,Raclac SA (30.00% stake),vallis capital partners sgps sa
65,Zolve Logistica e Transporte SA (100.00% stake),vallis capital partners sgps sa
66,Clinica Saude Viavel (50.00% stake),vallis capital partners sgps sa
67,Smile.up (formerly 32 Senses),vallis capital partners sgps sa
68,Smile-Up SGPS SA (100.00% stake),vallis capital partners sgps sa
69,"Saphety Level - Trusted Services, S.A. (100.00% stake)",oxy capital sgps sa
70,"VORTAL, SGPS, S.A.",vallis capital partners sgps sa
71,CGC Centro de Genetica Clinica e Patologia S.A.,vallis capital partners sgps sa
72,Gaius HR,andera partners sca
73,Easiware SAS (100.00% stake),ardian france sa
74,Digital Value SAS,ardian france sa
75,Solutions Sante (100.00% stake),ardian france sa
76,Elee SAS,ardian france sa
77,Sqorus SAS,ardian france sa
78,Uptoo SARL,ardian france sa
79,Groupe Rivalis SA,ardian france sa
80,IWD,ardian france sa
81,Groupe Positive,ardian france sa
82,Abvent Group,ardian france sa
83,Hawk SAS,ardian france sa
84,Ariane Systems SA,ardian france sa
85,Saaswedo SAS,ardian france sa
86,Neotys S.A.S.,ardian france sa
87,Esker SA,ardian france sa
88,Bulkypix,ardian france sa
89,Ivalua SAS,ardian france sa
90,Lusis (16.70% stake),ardian france sa
91,PC Soft ,ardian france sa
92,Planisware SA,ardian france sa
93,Groupe Ydyle SARL,sigefi private equity
94,Vulcain Ingenierie SARL,sigefi private equity
95,Groupe Distriwatt/Negowatt,sigefi private equity
96,RCTs,sigefi private equity
97,Auxilium Group,sigefi private equity
98,Batibig SAS,sigefi private equity
99,Bassetti SAS,sigefi private equity
100,La Financiere d'Orion,sigefi private equity
101,LNA Sante SA,sigefi private equity
102,Groupe Destia SAS,sigefi private equity
103,Speechi,sigefi private equity
104,PACK Solutions,sigefi private equity
105,Top Chrono SARL,sigefi private equity
106,Alcadia Entreprises,sigefi private equity
107,Apside SA,sigefi private equity
108,Carso SAS,sigefi private equity
109,Ascaudit Groupe SA,sigefi private equity
110,Best Environnement Securite et Technologie  ,sigefi private equity
111,European Dynamics SA,atalante sas
112,JVS Groupe SAS (100.00% stake),atalante sas
113,Simplifia,atalante sas
114,Clinique du Pont Saint-Vaast,atalante sas
115,B-Network SAS,atalante sas
116,IMDEV-Imagerie Developpement,atalante sas
117,Asys SAS,atalante sas
118,Travelsoft SAS,atalante sas
119,Biolam SARL (100.00% stake),atalante sas
120,NEOX (30.00% stake),atalante sas
121,Vivalto Vie SAS,atalante sas
122,Winback,atalante sas
123,AssessFirst SAS,atalante sas
124,Web Geo Services SAS,atalante sas
125,LuxCarta Technology SAS,atalante sas
126,Winncare S.A.,atalante sas
127,Groupe Oui Care,atalante sas
128,Octime SAS,atalante sas
129,Clinica Dorsia Poblenou (35.00% stake),atalante sas
130,Pierre Guerin SAS (23.00% stake),atalante sas
131,Blue Collection SAS,amundi private equity funds sa
132,Intent Technologies SAS (40.00% stake),amundi private equity funds sa
133,Centre de reference pour l'evaluation neuropsychologique de l'enfant,amundi private equity funds sa
134,Vulcain Ingenierie SARL,amundi private equity funds sa
135,CBA Informatique Liberale SAS (40.00% stake),amundi private equity funds sa
136,ADIT SAS,amundi private equity funds sa
137,Eduservices SAS,amundi private equity funds sa
138,SPLIO SAS,amundi private equity funds sa
139,Simplon.co SAS,amundi private equity funds sa
140,3W Academy,amundi private equity funds sa
141,EVS Auto-Ecole,amundi private equity funds sa
142,Fondasol SA,amundi private equity funds sa
143,Business Table SAS,amundi private equity funds sa
144,Dhatim,amundi private equity funds sa
145,Wyplay SAS (30.00% stake),amundi private equity funds sa
146,Groupe Squiban,unigrains sa
147,Demarne SAS,unigrains sa
148,Groupe Elan,unigrains sa
149,Demarne Freres SA ,unigrains sa
150,Carso SAS,unigrains sa
151,Jobs & Talent SL (7.08% stake),infravia capital partners
152,One Click LCA,infravia capital partners
153,Univet,infravia capital partners
154,Mater Private Group,infravia capital partners
155,CareChoice Limited,infravia capital partners
156,Redslim AG,astorg partners sa
157,inHEART SAS,astorg partners sa
158,Echosens SA (33.00% stake),astorg partners sa
159,Etude Genealogique Add & Associes SAS,mbo+ sas
160,LT (Location Transport) SASU (100.00% stake); Osmaia (100.00% stake),mbo+ sas
161,Klee Group (Service division),mbo+ sas
162,IMMR SAS,mbo+ sas
163,Association of Certified Anti-Money Laundering Specialists - ACAMS (98.00% stake),wendel se
164,Quiktrak LLC,wendel se
165,Bureau Veritas SA,wendel se
166,3W Academy (100.00% stake),amundi private equity funds sa
167,Eduservices SAS,amundi private equity funds sa
168,EVS Auto-Ecole,amundi private equity funds sa
169,Orisha SAS,amundi private equity funds sa
170,Dhatim,amundi private equity funds sa
171,Luneau Technology Operations SAS,amundi private equity funds sa
172,IDRH,amundi private equity funds sa
173,Augure SA,amundi private equity funds sa
174,La Part de Reve SARL,amundi private equity funds sa
175,Genomic Vision,amundi private equity funds sa
176,Graitec SA,amundi private equity funds sa
177,InGen BioSciences,amundi private equity funds sa
178,QuesCom SA,amundi private equity funds sa
179,OpenPlug,amundi private equity funds sa
180,Klee Data System SA,amundi private equity funds sa
181,MCI Group Holding SA,andera partners sca
182,Ariane Systems SA (100.00% stake),ardian france sa
183,Hawk SAS (100.00% stake),ardian france sa
184,Eloquant SAS,ardian france sa
185,Holding Omniphar 07 SAS (100.00% stake),ardian france sa
186,Ikoula Net SAS (100.00% stake),ardian france sa
187,Neotys S.A.S.,ardian france sa
188,Groupe Positive,ardian france sa
189,HR Path SAS,ardian france sa
190,Consort NT SA,ardian france sa
191,Clip Industrie,ardian france sa
192,Welcome Real-Time SAS,ardian france sa
193,Sparus Software SAS,ardian france sa
194,KDP Informatique,ardian france sa
195,Harvest France SAS,ardian france sa
196,Digiplug SAS,ardian france sa
197,Full Resources Association,ardian france sa
198,Arpson,ardian france sa
199,GOTO Software SA,ardian france sa
200,Prodware SA ,ardian france sa
201,Metrologic Group SA,astorg partners sa
202,Sebia SA,astorg partners sa
203,Cerba Healthcare SASU,astorg partners sa
204,Laboratoire Cerba SA,astorg partners sa
205,Coutot-Roehrig SA (43.00% stake),atalante sas
206,Reporting 21 (100.00% stake),atalante sas
207,Afera Investments SL (100.00% stake),atalante sas
208,Horizon Software SAS (100.00% stake),atalante sas
209,Geodesial SAS,atalante sas
210,Finance Active SA,atalante sas
211,Questel SA,atalante sas
212,Taliance SAS,atalante sas
213,5asec Group SAS,atalante sas
214,Assistances Medicales Specialisees,atalante sas
215,Chomette SAS,atalante sas
216,Leyton & Associes SAS,atalante sas
217,Groupe IEF2I SAS,mbo+ sas
218,LT (Location Transport) SASU (100.00% stake); Osmaia (100.00% stake),mbo+ sas
219,One Placement SA,mbo+ sas
220,Groupe Menway SAS (40.00% stake),mbo+ sas
221,Daco France SAS,mbo+ sas
222,Groupe Leader SAS,mbo+ sas
223,Est Auction AS,mbo+ sas
224,Marianne Experts SA,mbo+ sas
225,Themis Bioscience GmbH,omnes capital sas
226,Synlab Holding France SA (90.00% stake),omnes capital sas
227,Medical Group SAS (100.00% stake),sigefi private equity
228,EnergyGo SAS (100.00% stake),sigefi private equity
229,Keran Group SAS,sigefi private equity
230,Metaline (100.00% stake),sigefi private equity
231,TBS Group SAS (100.00% stake),sigefi private equity
232,OpenIO SAS,sigefi private equity
233,CCLD Recrutement SAS (70.00% stake),sigefi private equity
234,A-Volute SAS,sigefi private equity
235,Cinto SASU,sigefi private equity
236,"UCOPIA Communications, S.A.",sigefi private equity
237,SequoiaSoft SAS,sigefi private equity
238,Emresa SA,sigefi private equity
239,SAS Omega,sigefi private equity
240,Groupe Medifutur,sigefi private equity
241,Eras,sigefi private equity
242,emka TECHNOLOGIES SA (100.00% stake),sigefi private equity
243,A.t.e.r Agence Tourangelle Enquetes Et Recherches,sigefi private equity
244,3D Evolution SA,sigefi private equity
245,"Smartesting, S.A.",sigefi private equity
246,RBDH Industries SA,sigefi private equity
247,Mon Caviste a la Maison,sigefi private equity
248,Proteines S.A.S,sigefi private equity
249,IDO-in,sigefi private equity
250,iQera SAS,sigefi private equity
251,Laboratoire Tetra Medical,sigefi private equity
252,Julhiet Sterwen SAS,sigefi private equity
253,Menix SAS,sigefi private equity
254,Groupe Adequat (13.50% stake),sigefi private equity
255,Graitec SA,sigefi private equity
256,Greenwich Consulting Group,sigefi private equity
257,Presence Medicale (75.00% stake),sigefi private equity
258,Lynx Conseil,sigefi private equity
259,OpenPlug,sigefi private equity
260,Trace One SA (60.00% stake),sigefi private equity
261,Micel Distribution,sigefi private equity
262,Medicatlantic SA,sigefi private equity
263,IP Directions SARL,sigefi private equity
264,Lever de Rideau,sigefi private equity
265,Medicrea Technologies SA (54.00% stake),sigefi private equity
266,GlycoVaxyn AG (90.00% stake),sofinnova partners sas
267,Raynier Marchetti SA,unigrains sa
268,Tsebo Solutions Group Proprietary Limited,wendel se
269,AlliedBarton Security Services ,wendel se
270,Bureau Veritas SA,wendel se
271,BioMerieux SA,wendel se
272,Alain Afflelou SA,wendel se
273,Chiaro Technology Ltd (100.00% stake),octopus ventures ltd
274,Countrywide Healthcare Supplies Holdings Ltd (100.00% stake),octopus ventures ltd
275,iSIZE Ltd (100.00% stake),octopus ventures ltd
276,Jolt (100.00% stake),octopus ventures ltd
277,Glofox (100.00% stake),octopus ventures ltd
278,Reliaquest UK Ltd (100.00% stake),octopus ventures ltd
279,Fluidly Limited (100.00% stake),octopus ventures ltd
280,Sycurio Inc,octopus ventures ltd
281,Skew Ltd.,octopus ventures ltd
282,We Got POP Ltd.,octopus ventures ltd
283,Zynstra Ltd.,octopus ventures ltd
284,i-nexus Global plc,octopus ventures ltd
285,Adbrain Ltd,octopus ventures ltd
286,SCM World Limited,octopus ventures ltd
287,Tristar Worldwide,octopus ventures ltd
288,Magic Pony Technology Limited,octopus ventures ltd
289,TouchType Limited,octopus ventures ltd
290,Rangespan Limited,octopus ventures ltd
291,Evi Technologies Limited,octopus ventures ltd
292,Money Workout Limited,octopus ventures ltd
293,Funeral Services Partnership Ltd,octopus ventures ltd
294,Covion Limited,octopus ventures ltd
295,James Harvard International Asia KK; James Harvard International Group,octopus ventures ltd
296,Althea Group SpA (100.00% stake),permira ltd
297,DentalMV GmbH (Muller & Weygandt ),permira ltd
298,Demedis GmbH; Euro Dental Holding GmbH (EDH),permira ltd
299,Hexagen,permira ltd
300,Beck & Pollitzer Engineering Ltd,permira ltd
301,LOC Group Limited,bridgepoint advisers ltd
302,Estera Group Holding Ltd,bridgepoint advisers ltd
303,Infinitas Learning Netherlands BV (20.00% stake); Protocol Group; Rodenstock Group GmbH (20.00% stake),bridgepoint advisers ltd
304,Phlexglobal Limited,bridgepoint advisers ltd
305,Evander Ltd,bridgepoint advisers ltd
306,The Energy Solutions Group,bridgepoint advisers ltd
307,Oasis Medical Solutions Limited,bridgepoint advisers ltd
308,Clinical Solutions Holdings Limited,bridgepoint advisers ltd
309,ERM Group Inc,bridgepoint advisers ltd
310,Pulse Staffing Limited (42.00% stake),bridgepoint advisers ltd
311,Concentric Plc,bridgepoint advisers ltd
312,Capula Ltd,bridgepoint advisers ltd
313,Templecare Limited,bridgepoint advisers ltd
314,Cardtronics UK Ltd,bridgepoint advisers ltd
315,Carter & Carter Group plc,bridgepoint advisers ltd
316,Aktrion Group Limited,bridgepoint advisers ltd
317,SP Group Holdings Limited,bridgepoint advisers ltd
318,Western Wines Holdings Ltd,bridgepoint advisers ltd
319,Salehurst Group,bridgepoint advisers ltd
320,International Car Wash Group Ltd,bridgepoint advisers ltd
321,Walters Hexagon Group Ltd,bridgepoint advisers ltd
322,Carlton Barclay,bridgepoint advisers ltd
323,Axis Resources Ltd,bridgepoint advisers ltd
324,Initial Personnel Services Ltd,bridgepoint advisers ltd
325,Mayflower Aerospace Limited,bridgepoint advisers ltd
326,Argus Media Ltd (24.00% stake),hgcapital llp
327,Allocate Software Ltd,hgcapital llp
328,IntelliFlo Limited,hgcapital llp
329,IRIS Software Group Ltd,hgcapital llp
330,Sequel Business Solutions Limited,hgcapital llp
331,Voyage Healthcare Group Ltd,hgcapital llp
332,Computer Software Holdings Ltd,hgcapital llp
333,Computer Software Group Ltd; IRIS Software Group Ltd,hgcapital llp
334,Castlebeck Care Holdings Limited,hgcapital llp
335,Priory Group Ltd,hgcapital llp
336,Benifex AB (100.00% stake),vitruvian partners llp
337,OAG Aviation Worldwide Ltd (100.00% stake),vitruvian partners llp
338,Phlexglobal Limited,vitruvian partners llp
339,Ebury Partners UK Ltd (50.10% stake),vitruvian partners llp
340,IMD Media Ltd,vitruvian partners llp
341,OpenBet Ltd,vitruvian partners llp
342,Transunion Information Group Ltd,vitruvian partners llp
343,Syslink Group Ltd (100.00% stake),synova llp
344,Vistair Ltd (100.00% stake),synova llp
345,Tonic Games Group,synova llp
346,Regulus Topco Ltd,synova llp
347,Clearwater Care (Group) Limited,synova llp
348,Kinapse Limited,synova llp
349,GO Global Travel Ltd (100.00% stake),apax partners llp
350,Apollo Hospitals Enterprise Ltd,apax partners llp
351,Greytip Software Pvt Ltd,apax partners llp
352,GetYourGuide AG,apax partners llp
353,Comax,apax partners llp
354,Syneron Medical Ltd,apax partners llp
355,Robin AI Ltd,bridgepoint advisers ltd
356,MIQ Digital Ltd,bridgepoint advisers ltd
357,PTV Planung Transport Verkehr AG (60.00% stake),bridgepoint advisers ltd
358,Achilles Information Ltd,bridgepoint advisers ltd
359,ACT Commodities Group BV,bridgepoint advisers ltd
360,Prescient Healthcare Group (UK) Ltd,bridgepoint advisers ltd
361,Matrix SCM Limited,bridgepoint advisers ltd
362,Vermaat Groep BV,bridgepoint advisers ltd
363,Inspiring Learning Ltd,bridgepoint advisers ltd
364,Simard Ltd - The Gourmet Society; Taste Marketing Ltd - tastecard,bridgepoint advisers ltd
365,Cambridge Education Group Ltd,bridgepoint advisers ltd
366,Focus 4 U Ltd (100.00% stake),hgcapital llp
367,IRIS Software Group Ltd,hgcapital llp
368,Ideagen Ltd (100.00% stake),hgcapital llp
369,Gentrack Group Limited (11.59% stake),hgcapital llp
370,Interactive Medica SL (100.00% stake); Wilmington Healthcare Ltd (100.00% stake),inspirit capital
371,Wiley Edge (100.00% stake),inspirit capital
372,Capita Resourcing Ltd (100.00% stake); Capital HR Solutions Ltd (100.00% stake); Thirty Three Group Ltd (100.00% stake),inspirit capital
373,Babcock International (civil training unit) (100.00% stake),inspirit capital
374,Little Journey Ltd,octopus ventures ltd
375,Semble Technology Ltd,octopus ventures ltd
376,NanoSyrinx Ltd,octopus ventures ltd
377,Bondaval Ltd,octopus ventures ltd
378,Swiipr Technologies,octopus ventures ltd
379,Defeyene Legal Solutions Ltd,octopus ventures ltd
380,Lapse Ltd,octopus ventures ltd
381,BlockClaim Ltd,octopus ventures ltd
382,CoMind Technologies Ltd,octopus ventures ltd
383,StepOne Fertility Ltd,octopus ventures ltd
384,TympaHealth,octopus ventures ltd
385,Seatfrog Ops Ltd,octopus ventures ltd
386,Kita Earth Ltd,octopus ventures ltd
387,Codebay Solutions Ltd,octopus ventures ltd
388,Wazoku Ltd,octopus ventures ltd
389,Papercup Technologies Ltd,octopus ventures ltd
390,Legl Ltd,octopus ventures ltd
391,Slamcore Limited,octopus ventures ltd
392,Vitesse PSP Ltd,octopus ventures ltd
393,Mention Me Ltd,octopus ventures ltd
394,Ometria Ltd,octopus ventures ltd
395,Turtl Surf & Immerse Ltd,octopus ventures ltd
396,Olio Exchange Ltd,octopus ventures ltd
397,Veeqo Limited,octopus ventures ltd
398,Streetbees.com Ltd,octopus ventures ltd
399,Mush Ltd,octopus ventures ltd
400,Plum Guide Ltd,octopus ventures ltd
401,Segura Systems Ltd,octopus ventures ltd
402,Antidote Technologies Ltd,octopus ventures ltd
403,Artesian Solutions Ltd,octopus ventures ltd
404,Michelson Diagnostics Limited,octopus ventures ltd
405,Mi-Pay Ltd.,octopus ventures ltd
406,Synectics Solutions Ltd,synova llp
407,Mallcomm Ltd,synova llp
408,Unity Five Ltd,synova llp
409,Preventx Ltd,synova llp
410,Oakland Primecare Ltd,synova llp
411,Clyde Dental Practice Ltd (100.00% stake),synova llp
412,Options Technology Ltd,vitruvian partners llp
413,Red Arbor Holding SL,vitruvian partners llp
414,TheLogically Ltd,vitruvian partners llp
415,Twinkl Ltd,vitruvian partners llp
416,Spectrum Medical Group Ltd,vitruvian partners llp
417,AnyVan Ltd,vitruvian partners llp
418,Carne Global Financial Services Ltd,vitruvian partners llp
419,Darktrace Holdings Ltd,vitruvian partners llp
420,BitDefender S.R.L. (30.00% stake),vitruvian partners llp
421,Ebury Partners UK Ltd,vitruvian partners llp
422,Trustpilot Group plc,vitruvian partners llp
423,Inenco Group Ltd,vitruvian partners llp
424,Sciensus Pharma Services Ltd,vitruvian partners llp
425,Westbridge Advisory GmbH,permira ltd
426,Ergomed Group Ltd (100.00% stake),permira ltd
427,Instituto Portugues de Administracao de Marketing ; Universidad Europea de Canarias ; Universidad Europea de Madrid SA; Universidad Europea de Valencia; Universidade Europeia ,permira ltd
428,Corin Group Ltd,permira ltd
429,ULink AgriTech Pvt Ltd (2.29% stake),accel partners ltd
430,Juspay Technologies Pvt Ltd,accel partners ltd
431,Zolve Innovations Pvt Ltd,accel partners ltd
432,Intellihealth Solutions Pvt Ltd,accel partners ltd
433,Prana Health Inc,accel partners ltd
434,Infifresh Foods Pvt Ltd (5.77% stake),accel partners ltd
435,Orchard Healthcare Pvt Ltd,accel partners ltd
436,Cyera Ltd (10.00% stake),accel partners ltd
437,Elixa Technologies Pvt Ltd,accel partners ltd
438,"Testsigma Technologies, Inc",accel partners ltd
439,Snaptrude Technologies Pvt Ltd,accel partners ltd
440,Spendflo,accel partners ltd
441,VenWiz Technologies Pvt Ltd,accel partners ltd
442,Azalp Technologies Pvt Ltd,accel partners ltd
443,Pluckwalk Technologies Pvt Ltd,accel partners ltd
444,Virgio (22.98% stake),accel partners ltd
445,Koo,accel partners ltd
446,Dhiwise Pvt Ltd,accel partners ltd
447,Gloat Ltd,accel partners ltd
448,Eventila Technologies Pvt Ltd,accel partners ltd
449,Amagi Media Labs Pvt Ltd (9.50% stake),accel partners ltd
450,Finnew Solutions Pvt Ltd,accel partners ltd
451,Airmeet Inc,accel partners ltd
452,Mensa Brand Technologies Pvt Ltd,accel partners ltd
453,Megashots Internet Pvt Ltd (20.00% stake),accel partners ltd
454,Aurogreen Health Pvt Ltd,accel partners ltd
455,Analog Legalhub Tech Solutions Pvt Ltd,accel partners ltd
456,Mihup Communications Pvt Ltd,accel partners ltd
457,HMS Infotech Pvt Ltd - Hotelogix,accel partners ltd
458,Portea Medical Pvt Ltd,accel partners ltd
459,SigTuple Technologies Pvt Ltd,accel partners ltd
460,Fortigo Network Logistics Pvt Ltd-4TiGO,accel partners ltd
461,Consure Medical Pvt Ltd,accel partners ltd
462,GoldVIP Technology Solutions Pvt Ltd - CrownIT,accel partners ltd
463,HealthEdge Software Inc (100.00% stake),bain capital lp
464,SelectQuote Inc (0.09% stake),bain capital lp
465,Surgery Partners Inc (61.16% stake),bain capital lp
466,Envestnet Inc (100.00% stake),bain capital lp
467,PowerSchool Holdings Inc (100.00% stake),bain capital lp
468,Classys Inc,bain capital lp
469,Outsourcing Inc (100.00% stake),bain capital lp
470,Guidehouse LLP (100.00% stake),bain capital lp
471,athenahealth Inc,bain capital lp
472,IGNIS Ltd. (42.50% stake),bain capital lp
473,ST Unitas Co Ltd,bain capital lp
474,"Nichiigakkan Co., Ltd. (57.63% stake)",bain capital lp
475,EmberPoint Co Ltd,bain capital lp
476,"RedCard Systems, LLC; Zelis Healthcare Inc",bain capital lp
477,Merama Inc,advent international lp
478,Apollo HealthCo Ltd (16.90% stake),advent international lp
479,Creditas Solucoes Financeiras Ltda,advent international lp
480,CI&T Inc,advent international lp
481,Bonitas Holding GmbH; Lavorel Medicare Deutschland GmbH,advent international lp
482,Nexi Germany GmbH,advent international lp
483,StoreForce Solutions Inc,accel-kkr co llc
484,Vendavo Inc,accel-kkr co llc
485,Ada Support Inc (10.83% stake),accel-kkr co llc
486,Navisite Opco LLC,accel-kkr co llc
487,BlackCloak Inc,baird capital partners
488,Osano Inc,baird capital partners
489,Tellius Inc,baird capital partners
490,Quiq Inc,baird capital partners
491,SourceDay Inc,baird capital partners
492,Crayon Inc,baird capital partners
493,Azzur Group LLC (30.00% stake),baird capital partners
494,ChurnZero Inc,baird capital partners
495,Apervita Inc,baird capital partners
496,"Arroweye Solutions, Inc.",baird capital partners
497,"Blue Horizon Asset Management Co.,Ltd.",fortress investment group llc
498,BSM Engenharia SA (40.00% stake),acon investments llc
499,Paragon Solutions Ltd (100.00% stake),ae industrial partners lp
500,Nektar Therapeutics Inc (Manufacturing facility and reagent supply business) (100.00% stake),ampersand capital partners
501,Biologos LLC (100.00% stake),ampersand capital partners
502,Julius Clinical Research BV,ampersand capital partners
503,NanoImaging Services,ampersand capital partners
504,Iuvo Bioscience LLC (100.00% stake),ampersand capital partners
505,Luina Biotechnology Pty Ltd (100.00% stake),ampersand capital partners
506,Phosphorex LLC,ampersand capital partners
507,Sterling Medical Devices,ampersand capital partners
508,Syft Technologies Ltd (19.60% stake),ampersand capital partners
509,Genezen Laboratories (100.00% stake),ampersand capital partners
510,GeneWerk GmbH,ampersand capital partners
511,N2 Biomedical LLC,ampersand capital partners
512,Pacific Biomarkers Inc,ampersand capital partners
513,"Corpus Medical, Inc.",ampersand capital partners
514,Curia Bio Inc,ampersand capital partners
515,Interface Catheter Solutions,ampersand capital partners
516,Bioventus Inc. (51.00% stake),ampersand capital partners
517, Bako Pathology Services (70.00% stake),ampersand capital partners
518,"Modified Polymer Components, Inc.",ampersand capital partners
519,Transfr,abs capital partners
520,Superbet Interactive (Romania) Ltd,blackstone inc
521,Abita Innovations Pvt Ltd,blackstone inc
522,Sony Payment Services Inc (80.00% stake),blackstone inc
523,IGI Netherlands BV (100.00% stake); International Gemmological Institute (India) Ltd (100.00% stake); International Gemological Institute SA (100.00% stake),blackstone inc
524,HUVIAiR Technologies Pvt Ltd,blackstone inc
525,Vayana Network Services Pvt Ltd,blackstone inc
526,Think & Learn Pvt Ltd,blackstone inc
527,MphasiS Ltd,blackstone inc
528,Allcargo Global Logistics Limited (Warehousing and Logistics Parks division),blackstone inc
529,"IntSights Cyber Intelligence Ltd., ",blackstone inc
530,Fino Paytech Ltd,blackstone inc
531,Darwinbox Digital Solutions Pvt Ltd,kkr & co inc
532,Healthcare Global Enterprises Ltd (26.00% stake),kkr & co inc
533,Employment Hero Pty Ltd (4.32% stake),kkr & co inc
534,smaXtec animal care GmbH,kkr & co inc
535,Rebel Foods Pvt Ltd,kkr & co inc
536,Baby Memorial Hospital Ltd (70.00% stake),kkr & co inc
537,SmartHR Inc,kkr & co inc
538,Healthium Medtech Ltd (100.00% stake),kkr & co inc
539,Medical Saigon Group JSC,kkr & co inc
540,Musinsa Co Ltd (7.42% stake),kkr & co inc
541,GetYourGuide AG (4.25% stake),kkr & co inc
542,Privy Identitas Digital PT,kkr & co inc
543,Advanta Enterprises Ltd (13.33% stake),kkr & co inc
544,Voyager Innovations Inc,kkr & co inc
545,Home Interior Designs E-Commerce Pvt Ltd (13.84% stake),kkr & co inc
546,Biosynth AG,kkr & co inc
547,DataX Inc (30.00% stake),kkr & co inc
548,Radiant Life Care Pvt Ltd,kkr & co inc
549,MYOB Group Pty Ltd (17.60% stake),kkr & co inc
550,Kaonavi Inc (20.60% stake),carlyle group inc
551,Codelight Co Ltd (100.00% stake),carlyle group inc
552,Vantive Health LLC (100.00% stake),carlyle group inc
553,Uzabase Inc (pre-2023) (100.00% stake),carlyle group inc
554,CureApp Inc,carlyle group inc
555,ManTech International Corp (100.00% stake),carlyle group inc
556,Spiber Inc,carlyle group inc
557,"Enewill Inc (65.00% stake); Kokusai Kogyo Co., Ltd.",carlyle group inc
558,Medline Industries LP,carlyle group inc
559,Metrix Software Solutions (Pty) Ltd (52.00% stake),carlyle group inc
560,NetMotion Wireless Inc,carlyle group inc
561,ATMU Inc.,carlyle group inc
562,Alight Inc (Payroll and Professional Services business) (100.00% stake),hig capital llc
563,Office People Personalmanagement GmbH (100.00% stake),hig capital llc
564,Centro de Cancer Anchieta Ltda.; Centro Diagnostico Anchieta Ltda. (75.00% stake); Centro Neurologico Anchieta Ltda. (86.50% stake); Hospital Anchieta Ltda.,hig capital llc
565,Fortra LLC,hig capital llc
566,SGRY LLC,hig capital llc
567,Cel Lep Ensino de Idiomas SA,hig capital llc
568,Nous Infosystems,ta associates management lp
569,Egnyte Inc,ta associates management lp
570,Brycer LLC,ta associates management lp
571,Phylum Inc (100.00% stake),ta associates management lp
572,Certinia Inc,ta associates management lp
573,Vee Healthtek,ta associates management lp
574,AffiniPay LLC,ta associates management lp
575,Community Brands Holdings LLC (Association & Events (“A&E”) and Nonprofit Solutions divisions) (100.00% stake),ta associates management lp
576,EDCO Health Information Solutions Inc,ta associates management lp
577,Edmunds Govtech Inc,ta associates management lp
578,PowerGEM LLC,ta associates management lp
579,Computer Services Inc,ta associates management lp
580,KatRisk LLC,ta associates management lp
581,Cash Flow Management LLC,ta associates management lp
582,Cliffwater LLC (100.00% stake),ta associates management lp
583,Alpha II LLC,ta associates management lp
584,Aptean Inc,ta associates management lp
585,Palisade Corp (100.00% stake),ta associates management lp
586,Technosylva Inc,ta associates management lp
587,Intelerad Medical Systems Inc,ta associates management lp
588,LeadsOnline LLC,ta associates management lp
589,Zifo Technologies Pvt Ltd,ta associates management lp
590,iCIMS Inc,ta associates management lp
591,Kofax Ltd,ta associates management lp
592,Touchtunes Music Co LLC (100.00% stake),ta associates management lp
593,Veracode Inc,ta associates management lp
594,Micro Merchant Systems Inc,ta associates management lp
595,e-Emphasys Technologies Inc,ta associates management lp
596,Riskonnect Inc (80.00% stake),ta associates management lp
597,Insurity LLC,ta associates management lp
598,TEAM Software LLC,ta associates management lp
599,MediaOcean LLC,ta associates management lp
600,PDQ.com Corp,ta associates management lp
601,Revalize Inc,ta associates management lp
602,Elos AB (79.50% stake),ta associates management lp
603,Fortra LLC,ta associates management lp
604,Making What Matters Inc,ta associates management lp
605,Idera Inc,ta associates management lp
606,Benecon Group LLC,ta associates management lp
607,Planview Inc,ta associates management lp
608,Netwrix Corp,ta associates management lp
609,Sovos Compliance LLC,ta associates management lp
610,"Ivanti Software, Inc.",ta associates management lp
611,"Titanium and Betjemen, Inc.",ta associates management lp
612,MRI Software LLC,ta associates management lp
613,LeadVenture,ta associates management lp
614,Inhealth MD Alliance LLC,ta associates management lp
615,Behavioral Health Works Inc,ta associates management lp
616,Netsmart Technologies Inc (51.00% stake),ta associates management lp
617,Financial Information Technologies Inc,ta associates management lp
618,Insightsoftware.com Inc,ta associates management lp
619,Confluence Technologies Inc,ta associates management lp
620,Flexera Software LLC,ta associates management lp
621,"Healix, LLC",ta associates management lp
622,Retriever Medical Dental Payments LLC,ta associates management lp
623,"Aldevron, LLC",ta associates management lp
624,OMNIA Partners Inc,ta associates management lp
625,PDI Technologies Inc,ta associates management lp
626,ZoomInfo Technologies LLC,ta associates management lp
627,RateGain Travel Technology Private Limited,ta associates management lp
628,Gamma Technologies LLC,ta associates management lp
629,Nintex Global Ltd,ta associates management lp
630,IndiaIdeas.com Ltd,ta associates management lp
631,The Rocky Mountain School of Design,ta associates management lp
632,"Full Sail, LLC",ta associates management lp
633,Los Angeles Film School LLC,ta associates management lp
634,Vatterott Educational Centers Inc,ta associates management lp
635,Parloa GmbH (12.00% stake),general catalyst partners
636,CF Tech SA de CV,general catalyst partners
637,Intersections Inc (MA),general catalyst partners
638,Nirvana Tech Inc (9.41% stake),general catalyst partners
639,Ramp Business Corp (11.54% stake),general catalyst partners
640,Eikon Therapeutics Inc,general catalyst partners
641,Together AI (9.24% stake),general catalyst partners
642,Verkada Inc (4.44% stake),general catalyst partners
643,Deel Inc,general catalyst partners
644,Render Services Inc,general catalyst partners
645,HealthGPT Inc (8.60% stake),general catalyst partners
646,Memora Health Inc (100.00% stake),general catalyst partners
647,Maze Therapeutics Inc,general catalyst partners
648,Novalsys Inc,general catalyst partners
649,Ladder Technologies Inc,general catalyst partners
650,Rox Data Corp,general catalyst partners
651,Moonvalley AI Inc,general catalyst partners
652,Melio Payments Inc (7.50% stake),general catalyst partners
653,"Armis, Inc. (4.76% stake)",general catalyst partners
654,Maven Clinic Co,general catalyst partners
655,CElegans Labs Inc,general catalyst partners
656,Glean Technologies Inc (5.65% stake),general catalyst partners
657,Re:Build Manufacturing LLC,general catalyst partners
658,Mi Stori SA de CV,general catalyst partners
659,Applied Intuition Inc,general catalyst partners
660,"Figma, Inc.",general catalyst partners
661,Helsing GmbH (9.09% stake),general catalyst partners
662,Skild AI (20.00% stake),general catalyst partners
663,HarmonyCares,general catalyst partners
664,Faircado UG,general catalyst partners
665,Transcarent Inc (5.73% stake),general catalyst partners
666,Fog Pharmaceuticals Inc,general catalyst partners
667,Bilt Technologies Inc (6.45% stake),general catalyst partners
668,Genial Care Servicos Psicologicos Ltda.,general catalyst partners
669,Harbor Health Team Inc,general catalyst partners
670,Multion Inc,general catalyst partners
671,PowerUs GmbH,general catalyst partners
672,Georgiamune Inc,general catalyst partners
673,Charm Industrial Inc,general catalyst partners
674,ArriVent Biopharma Inc,general catalyst partners
675,Paradigm Health Inc,general catalyst partners
676,Vannevar Labs Inc,general catalyst partners
677,Vial Health Technology Inc,general catalyst partners
678,Wonder Group Inc (10.00% stake),general catalyst partners
679,Capital Rx Inc,general catalyst partners
680,Guild Education Inc (3.98% stake),general catalyst partners
681,Flow Carbon Inc,general catalyst partners
682,Mirvie Inc,general catalyst partners
683,Material Technologies Corp (9.21% stake),general catalyst partners
684,Upside Services Inc (4.33% stake),general catalyst partners
685,Remote Technology Inc (10.00% stake),general catalyst partners
686,Alinea Health,general catalyst partners
687,Cmunity Innovations Pvt Ltd (25.00% stake),general catalyst partners
688,Rashanbox Retail Pvt Ltd,general catalyst partners
689,Veho Tech Inc (11.33% stake),general catalyst partners
690,Dewpoint Therapeutics Inc,general catalyst partners
691,CoinTracker (7.69% stake),general catalyst partners
692,UniOrbit Technologies (20.00% stake),general catalyst partners
693,Cadence Solutions Inc,general catalyst partners
694,Lessen Inc (17.00% stake),general catalyst partners
695,Sword Health Inc (8.15% stake),general catalyst partners
696,"ThoughtSpot, Inc.  (2.38% stake)",general catalyst partners
697,Aviatrix Systems Inc (10.00% stake),general catalyst partners
698,SonderMind Inc,general catalyst partners
699,OM1 Inc,general catalyst partners
700,Eightfold AI Inc,general catalyst partners
701,PathAI Inc,general catalyst partners
702,Step Mobile Inc,general catalyst partners
703,Tempo Interactive Inc,general catalyst partners
704,Olive AI Inc,general catalyst partners
705,Roman Health Ventures Inc,general catalyst partners
706,Illumio Inc,general catalyst partners
707,Grammarly Inc,general catalyst partners
708,Xaira Therapeutics Inc,new enterprise associates inc
709,RevSpring Inc (100.00% stake),new enterprise associates inc
710,Databricks Inc (4.21% stake),new enterprise associates inc
711,Intersections Inc (MA),warburg pincus llc
712,Healthy Harmony Healthcare Inc,warburg pincus llc
713,Insilico Medicine Inc,warburg pincus llc
714,InSilico Medicine Hong Kong Ltd,warburg pincus llc
715,Mashura LLC,warburg pincus llc
716,MB2 Dental Solutions LLC (15.00% stake),warburg pincus llc
717,Contabilizei Contabilidade Ltda,warburg pincus llc
718,Whatfix Pvt Ltd,warburg pincus llc
719,Redwood Software Inc (100.00% stake),warburg pincus llc
720,Matera Systems Informatica SA,warburg pincus llc
721,CData Software Inc,warburg pincus llc
722,Trans-Asia Hospital Investment JSC,warburg pincus llc
723,Appasamy Associates Pvt Ltd (65.00% stake),warburg pincus llc
724,South Texas Accelerated Research Therapeutics LP,warburg pincus llc
725,Good Glamm Group,warburg pincus llc
726,Grupo Salta Educacao SA (32.00% stake),warburg pincus llc
727,Bloomerang LLC,warburg pincus llc
728,Bond Veterinary Inc,warburg pincus llc
729,Everise Holdings Pte Ltd (47.00% stake),warburg pincus llc
730,PayJoy Inc,warburg pincus llc
731,Superlogica Tecnologias SA,warburg pincus llc
732,Pareto Health Inc,warburg pincus llc
733,#Baxter International Inc (BioPharma Solutions business) (100.00% stake),warburg pincus llc
734,3GreenTree Ecosystem Service Ltd (100.00% stake),warburg pincus llc
735,Scanntech Uruguay Hosting SA,warburg pincus llc
736,MH Sub I LLC,warburg pincus llc
737,El Car Wash LLC (100.00% stake),warburg pincus llc
738,Post Acute Analytics Inc,warburg pincus llc
739,Curupira SA,warburg pincus llc
740,Sensors Network Technology (Beijing) Co Ltd,warburg pincus llc
741,Eleanor Health Inc,warburg pincus llc
742,Ensemble Health Partners Inc (46.00% stake),warburg pincus llc
743,Meril Life Science Pvt.Ltd.,warburg pincus llc
744,Solides Tecnologia SA,warburg pincus llc
745,Sanghvi Beauty & Technologies Pvt Ltd,warburg pincus llc
746,Contrast Security Inc,warburg pincus llc
747,Globe Fintech Innovations Inc (15.00% stake),warburg pincus llc
748,TRC Companies Inc,warburg pincus llc
749,A-Lign Security & Compliance Services LLC,warburg pincus llc
750,New Frontier Health Corp (54.28% stake),warburg pincus llc
751,ANI Technologies Pvt Ltd,warburg pincus llc
752,Food Safety Net Services Ltd,warburg pincus llc
753,Aura,warburg pincus llc
754,Phil Inc,warburg pincus llc
755,Global Healthcare Exchange LLC,warburg pincus llc
756,Ridgway Private Wealth,warburg pincus llc
757,NetDocuments Software Inc,warburg pincus llc
758,Aetion Inc,warburg pincus llc
759,Personetics Technologies Ltd,warburg pincus llc
760,SPINS LLC,warburg pincus llc
761,Online Mobile Services JSC,warburg pincus llc
762,AA Ltd,warburg pincus llc
763,Quantum Health Inc,warburg pincus llc
764,Sweeping Corp of America Inc,warburg pincus llc
765,Clearwater Analytics LLC,warburg pincus llc
766,Salsify Inc,warburg pincus llc
767,Infoblox Inc (50.00% stake),warburg pincus llc
768,Samsara Inc,warburg pincus llc
769,Superlogica Tecnologias Ltda. (44.87% stake),warburg pincus llc
770,Softeon Inc,warburg pincus llc
771,Qualifacts Systems Inc,warburg pincus llc
772,S&W Partners Group Ltd,warburg pincus llc
773,WebPT Inc,warburg pincus llc
774,"Beijing Gaosibole Education Technology Co., Ltd.",warburg pincus llc
775,Shanghai Zhuozan Information Technology Co Ltd,warburg pincus llc
776,Jinxin Fertility Group Limited,warburg pincus llc
777,DKSH Holding AG (Healthcare business in China),warburg pincus llc
778,BitSight Technologies Inc,warburg pincus llc
779,Businessolver.com Inc,warburg pincus llc
780,"Vlinker Space Operations Management Co., Ltd.",warburg pincus llc
781,Helix OpCo LLC,warburg pincus llc
782,Sagent M&C LLC (55.00% stake),warburg pincus llc
783,"Shanghai Zhangxiaomen Education Technology Co., Ltd.",warburg pincus llc
784,Beijing Sunsea Parking Management Co Ltd,warburg pincus llc
785,Eleva Educacao SA (25.00% stake),warburg pincus llc
786,Beijing Yuanli Technology Co Ltd,warburg pincus llc
787,PT Aplikasi Karya Anak Bangsa,warburg pincus llc
788,City Practice Group of New York LLC,warburg pincus llc
789,Serenity Holding Vietnam Co Ltd,warburg pincus llc
790,Governmentjobs.com Inc,warburg pincus llc
791,UIB (China) Limited,warburg pincus llc
792,Mofang Apartment,warburg pincus llc
793,GPS Predial Sistemas de Seguranca Ltda (27.21% stake),warburg pincus llc
794,Capillary Technologies International Pte Ltd (31.50% stake),warburg pincus llc
795,EverCare Medical Institute (3.59% stake),warburg pincus llc
796,UCAR Inc,warburg pincus llc
797,Sotera Health Co,warburg pincus llc
798,Koudai Gouwu,warburg pincus llc
799,Liaison International LLC,warburg pincus llc
800,Applied Recruitment Technologies,warburg pincus llc
801,Ermetic Ltd (100.00% stake),accel partners ltd
802,Neev Knowledge Management Private Limited,accel partners ltd
803,Dragonplay Ltd.,accel partners ltd
804,Inbiopro Solutions Private Limited (70.00% stake),accel partners ltd
805,Forcura LLC (100.00% stake),accel-kkr co llc
806,Seequent Ltd,accel-kkr co llc
807,"Clevest Solutions, Inc. ",accel-kkr co llc
808,Northplains Systems Corp,accel-kkr co llc
809,Saber Holdings Inc (93.00% stake),accel-kkr co llc
810,Alias Systems Corp,accel-kkr co llc
811,Aareon AG (100.00% stake),advent international lp
812,Sophos Banking Solutions SAS (100.00% stake),advent international lp
813,Faculdade da Serra Gaucha,advent international lp
814,Fleury S.A.,advent international lp
815,Quality Care India Ltd (72.00% stake),advent international lp
816,Casa Reha GmbH,advent international lp
817,MEDIAN Kliniken GmbH,advent international lp
818,Computer Age Management Services Ltd,advent international lp
819,Atmosfera Gestao e Higienizacao de Texteis S.A.,advent international lp
820,GenDx (100.00% stake),ampersand capital partners
821,Vibalogics GmbH (100.00% stake),ampersand capital partners
822,Nexelis (100.00% stake),ampersand capital partners
823,Curia Bio Inc,ampersand capital partners
824,Bioventus Inc.,ampersand capital partners
825,"Canopy Biosciences, LLC",ampersand capital partners
826,"Cellero, LLC",ampersand capital partners
827,Brammer Bio LLC,ampersand capital partners
828,Genoptix Inc,ampersand capital partners
829,"GENEWIZ, Inc.",ampersand capital partners
830,"Dynex Technologies, Inc.",ampersand capital partners
831,"Agilux Laboratories, Inc.",ampersand capital partners
832,Accuratus Lab Services Inc,ampersand capital partners
833,"ETE Medical, Inc.",ampersand capital partners
834,Magellan Diagnostics Inc,ampersand capital partners
835,Blue Sky Biotech Inc,ampersand capital partners
836, Bako Pathology Services,ampersand capital partners
837,Charles River Laboratories Cleveland Inc,ampersand capital partners
838,"ViraCor-IBT Laboratories, Inc. ",ampersand capital partners
839,CRI Lifetree,ampersand capital partners
840,"CoreLab Partners, Inc.",ampersand capital partners
841,Freudenberg Medical LLC,ampersand capital partners
842,Signature Genomic Laboratories LLC ,ampersand capital partners
843,Cequent Pharmaceuticals Inc,ampersand capital partners
844,Ortho Organizers Inc,ampersand capital partners
845,TriPath Imaging Inc.,ampersand capital partners
846,Open Ratings Inc,ampersand capital partners
847,Novex,ampersand capital partners
848,Moveworks Inc (100.00% stake),bain capital lp
849,Zelis Healthcare Inc,bain capital lp
850,Aiolos Bio Inc (100.00% stake),bain capital lp
851,"Nichii Holdings Co., Ltd. (99.60% stake)",bain capital lp
852,Works Human Intelligence Co Ltd (50.00% stake),bain capital lp
853,"Affinivax, Inc.   (100.00% stake)",bain capital lp
854,Enito Group Inc (11.00% stake),bain capital lp
855,Vertafore Inc,bain capital lp
856,"Beacon Health Options, Inc.",bain capital lp
857,MYOB Group Pty Ltd (17.60% stake),bain capital lp
858,"SquareTrade, Inc.",bain capital lp
859,Physio-Control Inc,bain capital lp
860,"Bellsystem24 Holdings, Inc.",bain capital lp
861,FIS Data Systems Inc,bain capital lp
862,Air Medical Group Holdings Inc,bain capital lp
863,Applied Systems Inc,bain capital lp
864,IQVIA Holdings Inc.,bain capital lp
865,HCA Inc,bain capital lp
866,Corpay Inc,bain capital lp
867,UGS Corporation,bain capital lp
868,The Learning Company Inc,bain capital lp
869,Otonomo Technologies Ltd,bessemer venture partners - bvp
870,Shopify Inc,bessemer venture partners - bvp
871,IBS Software Services Ltd,blackstone inc
872,Aakash Educational Services Ltd,blackstone inc
873,Intelenet Global Services Private Ltd,blackstone inc
874,"Patina Restaurant Group, LLC",bruckmann rosser sherrill & co llc
875,Kokusai Kogyo Co Ltd (100.00% stake),carlyle group inc
876,Amrod (70.10% stake),carlyle group inc
877,Ortho Clinical Diagnostics Holdings Ltd (100.00% stake),carlyle group inc
878,"PPD, Inc.",carlyle group inc
879,WingArc1st Inc,carlyle group inc
880,Getty Images Inc (51.00% stake),carlyle group inc
881,"HCR ManorCare, Inc.",carlyle group inc
882,Simplex Inc,carlyle group inc
883,Solasto Corp,carlyle group inc
884,Cloudary Corp (100.00% stake),carlyle group inc
885,"Broadleaf Co., Ltd.",carlyle group inc
886,ATMU Inc.,carlyle group inc
887,"MultiPlan, Inc.",carlyle group inc
888,"Intelligence Holdings, Ltd. (62.36% stake)",carlyle group inc
889,Gakusei Engokai Co Ltd,carlyle group inc
890,"Omron Colin Co., Ltd.",carlyle group inc
891,Zorus Inc (100.00% stake),general catalyst partners
892,Shelfbot Co (100.00% stake),general catalyst partners
893,Ribbon Health Inc (100.00% stake),general catalyst partners
894,Coda Project Inc (100.00% stake),general catalyst partners
895,Tidelift Inc (100.00% stake),general catalyst partners
896,Verta Inc (100.00% stake),general catalyst partners
897,Oceans Healthcare Corp (100.00% stake),general catalyst partners
898,Hello Digit LLC (100.00% stake),general catalyst partners
899,"Lola Travel Company, Inc. (100.00% stake)",general catalyst partners
900,Drafted Inc.,general catalyst partners
901,TrueMotion Inc,general catalyst partners
902,IPM.ai Inc.; Swoop.com Inc,general catalyst partners
903,Mobile Motion GmbH,general catalyst partners
904,Neverware,general catalyst partners
905,"Preempt Security, Inc.",general catalyst partners
906,Highfive Technologies Inc,general catalyst partners
907,6degrees.xyz Inc.,general catalyst partners
908,MyBuddy.ai,general catalyst partners
909,"RiskRecon, Inc.",general catalyst partners
910,"OGSystems, LLC",general catalyst partners
911,Cozy Services Ltd,general catalyst partners
912,"Semantic Machines, Inc.",general catalyst partners
913,Index,general catalyst partners
914,Index Systems Inc,general catalyst partners
915,"Kensho Technologies, Inc.",general catalyst partners
916,"Brighter, Inc.",general catalyst partners
917,Runscope Inc,general catalyst partners
918,"TearScience, Inc.",general catalyst partners
919,"Tiempo Labs, Inc.",general catalyst partners
920,DataGravity Inc.,general catalyst partners
921,"DeskConnect, Inc. ",general catalyst partners
922,BionX Medical Technologies Inc,general catalyst partners
923,"Highwinds Network Group, Inc.",general catalyst partners
924,Flite Inc,general catalyst partners
925,"ContainerX, Inc.",general catalyst partners
926,Altiscale Inc,general catalyst partners
927,Hey! Inc.,general catalyst partners
928,ownCloud GmbH,general catalyst partners
929,Ping Identity Holding Corp,general catalyst partners
930,JuiceBox Games,general catalyst partners
931,Virtual Instruments Corp,general catalyst partners
932,Radiant Entertainment Inc,general catalyst partners
933,Elemental Technologies LLC,general catalyst partners
934,This Technology Inc,general catalyst partners
935,"Nodejitsu, Inc.",general catalyst partners
936,Big Fish Games Inc,general catalyst partners
937,Axium XTS Corporation,general catalyst partners
938,"Boxee, Inc.",general catalyst partners
939,Bullhorn Inc,general catalyst partners
940,"Vitrue, Inc.",general catalyst partners
941,Oracle Taleo LLC,general catalyst partners
942,"Vostu, Ltd.",general catalyst partners
943,Gtess Corporation,general catalyst partners
944,ITA Software LLC,general catalyst partners
945,Millennial Net Inc,general catalyst partners
946,"m-Qube, Inc.",general catalyst partners
947,"IMlogic, Inc.",general catalyst partners
948,ProfitLogic Inc,general catalyst partners
949,AudioAudit Inc,general catalyst partners
950,Venetica Corp,general catalyst partners
951,Soleo Health Holdings Inc (100.00% stake),hig capital llc
952,walter services GmbH,hig capital llc
953,7S Group GmbH,hig capital llc
954,Verdesian Life Sciences LLC,paine schwartz partners llc
955,American Cystoscope Makers Inc. (ACMI),paine schwartz partners llc
956,360 Treasury Systems AG,summit partners lp
957,Edifecs Inc (100.00% stake),ta associates management lp
958,Procare Software LLC (100.00% stake),ta associates management lp
959,Advantive LLC,ta associates management lp
960,Indira IVF Hospital Pvt Ltd (60.00% stake),ta associates management lp
961,Towne Park LLC (100.00% stake),ta associates management lp
962,Accion Labs Inc,ta associates management lp
963,Precisely Software Inc,ta associates management lp
964,Industrial & Financial Systems AB; WorkWave LLC,ta associates management lp
965,Backstage LLC (100.00% stake),ta associates management lp
966,Power Line Systems LLC (100.00% stake),ta associates management lp
967,Retriever Medical Dental Payments LLC,ta associates management lp
968,CCRM Practice LLC,ta associates management lp
969,"Aldevron, LLC",ta associates management lp
970,Confluence Technologies Inc,ta associates management lp
971,DigiCert Inc,ta associates management lp
972,"Mitratech Holdings, Inc.",ta associates management lp
973,StorageCraft Technology Corporation,ta associates management lp
974,Idera Inc,ta associates management lp
975,"MicroSeismic, Inc.",ta associates management lp
976,Flexera Software LLC,ta associates management lp
977,"Arxan Technologies, Inc.",ta associates management lp
978,MRI Software LLC,ta associates management lp
979,"Radixx International, Inc.",ta associates management lp
980,Insurity LLC,ta associates management lp
981,TEOCO Corp,ta associates management lp
982,Plusgrade Inc,ta associates management lp
983,"Maintenance Connection, Inc.",ta associates management lp
984,AmannGirrbach AG,ta associates management lp
985,Nintex Global Ltd,ta associates management lp
986,MedRisk LLC,ta associates management lp
987,"Twin Med, LLC",ta associates management lp
988,PDI Technologies Inc,ta associates management lp
989,"Senior Whole Health, LLC",ta associates management lp
990,Prometheus Group Enterprises LLC,ta associates management lp
991,MIS Implants Technologies Ltd.,ta associates management lp
992,BeyondTrust Corp,ta associates management lp
993,Accruent LLC,ta associates management lp
994,"SoftWriters, Inc.",ta associates management lp
995,Research Now Group Inc,ta associates management lp
996,"MedSolutions, Inc.",ta associates management lp
997,Viewpoint Inc,ta associates management lp
998,Numara Software Inc,ta associates management lp
999,TaxACT Inc,ta associates management lp
1000,American Access Care Holdings LLC,ta associates management lp
1001,"Global 360, Inc",ta associates management lp
1002,"YFCS, Inc.",ta associates management lp
1003,Logistics Health Inc,ta associates management lp
1004,One Call Care Management Inc,ta associates management lp
1005,OpenLink Financial LLC,ta associates management lp
1006,Triumph Healthcare LLC,ta associates management lp
1007,EYP Mission Critical Facilities Inc,ta associates management lp
1008,Alere Medical Inc,ta associates management lp
1009,J&B Software Inc,ta associates management lp
1010,Monotype Imaging Holdings Inc,ta associates management lp
1011,"PROS Holdings, Inc. ",ta associates management lp
1012,FCC Holdings Inc,ta associates management lp
1013,"CoreLogic Systems, Inc.",ta associates management lp
1014,3M Health Information Systems Inc,ta associates management lp
1015,NaviSys Inc,ta associates management lp
1016,Thomson Quantitative Analytics Inc,ta associates management lp
1017,National Imaging Associates,ta associates management lp
1018,Healthlink Incorporated,ta associates management lp
1019,Ellucian Co LP,ta associates management lp
1020,Unique Instruments,ta associates management lp
1021,Lava Flow Inc,ta associates management lp
1022,NxTrend Technology Inc,ta associates management lp
1023,Kintana Inc,ta associates management lp
1024,TogetherSoft Corp,ta associates management lp
1025,"MedQuest Associates, Inc.",ta associates management lp
1026,AmeriChoice Corporation,ta associates management lp
1027,"Boron, LePore & Associates, Inc.",ta associates management lp
1028,AXENT Technologies Inc,ta associates management lp
1029,SSA Global Technologies Inc,ta associates management lp
1030,Q UP Systems,ta associates management lp
1031,Pivotpoint Inc,ta associates management lp
1032,REZsolutions,ta associates management lp
1033,AltoCom Inc,ta associates management lp
1034,Hospital Group of America Inc (HGA),ta associates management lp
1035,"Sheridan Healthcare, Inc.",ta associates management lp
1036,Expert Software Inc,ta associates management lp
1037,Physician Reliance Network Inc,ta associates management lp
1038,Hyperion Software Corporation,ta associates management lp
1039,InterTrans Logistics Solutions,ta associates management lp
1040,State of The Art,ta associates management lp
1041,Aetion Inc (100.00% stake),warburg pincus llc
1042,Beacon Platform Inc (100.00% stake),warburg pincus llc
1043,Modernizing Medicine Inc (90.00% stake),warburg pincus llc
1044,Rivigo Services Pvt Ltd (66.00% stake),warburg pincus llc
1045,Duetto Research Inc (100.00% stake),warburg pincus llc
1046,Perfios Software Solutions Pvt Ltd,warburg pincus llc
1047,Capillary Technologies India Ltd,warburg pincus llc
1048,Procare Software LLC (100.00% stake),warburg pincus llc
1049,"Summit Health, Inc.  (100.00% stake)",warburg pincus llc
1050,"Amcare Medical Management Co., Ltd. (100.00% stake)",warburg pincus llc
1051,Reorg Research Inc,warburg pincus llc
1052,Grupo GPS  (5.09% stake),warburg pincus llc
1053,Intelligent Medical Objects Inc,warburg pincus llc
1054,Experity Inc,warburg pincus llc
1055,Encora Digital Inc,warburg pincus llc
1056,Nexera Holding LLC,warburg pincus llc
1057,"Alignment Healthcare, Inc.",warburg pincus llc
1058,Sotera Health Co,warburg pincus llc
1059,Computer Age Management Services Ltd (12.52% stake),warburg pincus llc
1060,Outset Medical Inc,warburg pincus llc
1061,Specialists On Call Inc.,warburg pincus llc
1062,Hygeia Healthcare Holdings Co Ltd,warburg pincus llc
1063,CrowdStrike Holdings Inc,warburg pincus llc
1064,Brightly Software Inc,warburg pincus llc
1065,PayScale Inc,warburg pincus llc
1066,Silk Road Medical Inc,warburg pincus llc
1067,MercuryGate International Inc,warburg pincus llc
1068,"The Gordian Group, Inc. ",warburg pincus llc
1069,Tongdao Liepin Group,warburg pincus llc
1070,FacilitySource LLC,warburg pincus llc
1071,"Keystone Dental, Inc.",warburg pincus llc
1072,Stratford School Inc,warburg pincus llc
1073,Complex Care Solutions Inc,warburg pincus llc
1074,TriMark USA LLC,warburg pincus llc
1075,A Place for Mom Inc,warburg pincus llc
1076,Apex Learning Inc,warburg pincus llc
1077,Zovio Inc (38.85% stake),warburg pincus llc
1078,Accriva Diagnostics,warburg pincus llc
1079,International Asset Systems USA Limited,warburg pincus llc
1080,Association of Certified Anti-Money Laundering Specialists - ACAMS,warburg pincus llc
1081,Quest Global Services Pte Ltd (35.00% stake),warburg pincus llc
1082,RegionalCare Hospital Partners Inc,warburg pincus llc
1083,Electronic Funds Source LLC,warburg pincus llc
1084,Infor Nexus,warburg pincus llc
1085,CMD Group LLC,warburg pincus llc
1086,Metropolis Healthcare Limited,warburg pincus llc
1087,Spectrum Edu Solutions,warburg pincus llc
1088,Turnitin LLC,warburg pincus llc
1089,PW Medtech Group Limited,warburg pincus llc
1090,"Spigit, Inc.",warburg pincus llc
1091,Rural/Metro Corporation,warburg pincus llc
1092,Service Repair Solutions Inc,warburg pincus llc
1093,"Constitution Medical Investors, Inc.",warburg pincus llc
1094,Bausch & Lomb Inc,warburg pincus llc
1095,CAMP Systems Inc.,warburg pincus llc
1096,"MLM Information Services, LLC",warburg pincus llc
1097,Max Healthcare Institute Limited (16.37% stake),warburg pincus llc
1098,Telcordia Technologies Inc,warburg pincus llc
1099,Wall Street Systems,warburg pincus llc
1100,ZymoGenetics Inc,warburg pincus llc
1101,Workscape Inc,warburg pincus llc
1102,Form Holdings Corp,warburg pincus llc
1103,ev3 Inc,warburg pincus llc
1104,"Fortent, Inc.",warburg pincus llc
1105,NYFIX Inc,warburg pincus llc
1106,SSC Space US Inc (90.00% stake),warburg pincus llc
1107,ChartOne Inc,warburg pincus llc
1108,Affidea BV,warburg pincus llc
1109,Pi Corporation,warburg pincus llc
1110,Medtronic Spine LLC,warburg pincus llc
1111,LSSi Data Corporation,warburg pincus llc
1112,FundsXpress Inc,warburg pincus llc
1113,UGS Corporation,warburg pincus llc
1114,Institutional Shareholder Services Inc.,warburg pincus llc
1115,Harbour Networks Holdings Limited,warburg pincus llc
1116,"Solarant Medical, Inc (formerly SURx)",warburg pincus llc
1117,Altus Pharmaceuticals Inc,warburg pincus llc
1118,Systinet Corporation,warburg pincus llc
1119,NeuStar Inc,warburg pincus llc
1120,Boldon James Ltd,warburg pincus llc
1121,DexCom Inc,warburg pincus llc
1122,"Velocimed, Inc.",warburg pincus llc
1123,Elefante,warburg pincus llc
1124,VitalCom Inc,warburg pincus llc
1125,Transition Systems Inc ,warburg pincus llc
1126,"China Shouguang Agricultural Products Logistics Park Co., Ltd.",warburg pincus llc
1127,Medical Staffing Network Healthcare LLC,warburg pincus llc
1128,Relievant Medsystems Inc (100.00% stake),new enterprise associates inc
1129,DivvyPay Inc,new enterprise associates inc
1130,SyncHR,new enterprise associates inc
1131,"Segment.io, Inc.",new enterprise associates inc
1132,"Biologics, Inc.; Vantage Oncology LLC",new enterprise associates inc
1133,ISD Renal Inc,new enterprise associates inc
1134,Climate Corp,new enterprise associates inc
1135,"Braintree Payment Solutions, LLC.",new enterprise associates inc
1136,Nicira Inc,new enterprise associates inc
1137,Long Term Care Group Inc,new enterprise associates inc
1138,CHG Healthcare Services Inc,new enterprise associates inc
1139,TMON Inc (100.00% stake),kkr & co inc
1140,Max Healthcare Institute Limited (26.83% stake),kkr & co inc
1141,Max Smart Super Specialty Hospital (42.80% stake),kkr & co inc
1142,Fintech OS SRL,earlybird venture capital gmbh & co kg
1143,Neotaste GmbH,earlybird venture capital gmbh & co kg
1144,Aleph Alpha GmbH,earlybird venture capital gmbh & co kg
1145,Binalyze OU,earlybird venture capital gmbh & co kg
1146,Ariceum Therapeutics GmbH,earlybird venture capital gmbh & co kg
1147,Hive Technologies GmbH (21.64% stake),earlybird venture capital gmbh & co kg
1148,Medical One GmbH,earlybird venture capital gmbh & co kg
1149,UiPath Inc.,earlybird venture capital gmbh & co kg
1150,Mikro Yazilimevi SA,earlybird venture capital gmbh & co kg
1151,Seerene GmbH,earlybird venture capital gmbh & co kg
1152,DCS Plus Travel Technologies,earlybird venture capital gmbh & co kg
1153,EyeEm Mobile GmbH,earlybird venture capital gmbh & co kg
1154,SimScale GmbH,earlybird venture capital gmbh & co kg
1155,azeti Networks AG,earlybird venture capital gmbh & co kg
1156,GetCtrl Ltd (100.00% stake),earlybird venture capital gmbh & co kg
1157,Minit j.s.a. (100.00% stake),earlybird venture capital gmbh & co kg
1158,Secucloud Network GmbH,earlybird venture capital gmbh & co kg
1159,Emplifi Czech Republic as,earlybird venture capital gmbh & co kg
1160,Vivense Technology Services & Trading Inc,earlybird venture capital gmbh & co kg
1161,Peak Oyun Yazilim ve Pazarlama A.S.,earlybird venture capital gmbh & co kg
1162,Service Partner One GmbH,earlybird venture capital gmbh & co kg
1163,Cashboard GmbH,earlybird venture capital gmbh & co kg
1164,LiquidM GmbH,earlybird venture capital gmbh & co kg
1165,6 Wunderkinder GmbH,earlybird venture capital gmbh & co kg
1166,Lonza Cologne AG,earlybird venture capital gmbh & co kg
1167,Artificial Solutions Germany GmbH,earlybird venture capital gmbh & co kg
1168,Identify Software Limited,earlybird venture capital gmbh & co kg
1169,"IntraLinks Holdings, Inc.",ta associates management lp
1170,Personio Group SE (4.29% stake),meritech capital partners
1171,Contrast Security Inc,general catalyst partners
1172,Ramp Business Corp (9.25% stake),general catalyst partners
1173,Ramp Business Corp (9.26% stake),general catalyst partners
1174,Ramp Business Corp (1.96% stake),general catalyst partners
1175,Securiti Inc,general catalyst partners
1176,Databricks Inc,new enterprise associates inc
1177,Well Dot Inc,general catalyst partners
1178,Glean Technologies Inc (9.09% stake),general catalyst partners
1179,Agora (Tel Aviv),qumra capital
1180,Personio Group SE (4.29% stake),meritech capital partners
1181,Cure Fit Healthcare Pvt Ltd,accel partners ltd
1182,Stripe Inc,general catalyst partners
1183,Ramp Business Corp (1.96% stake),general catalyst partners
1184,Contrast Security Inc,general catalyst partners
1185,Samsara Inc,general catalyst partners
1186,Expel Inc,new enterprise associates inc
1187,Databricks Inc,new enterprise associates inc
1188,"StreamSets, Inc.",new enterprise associates inc
1189,Surgery Partners Inc (54.19% stake),bain capital lp
1190,Metropolis Healthcare Limited,kkr & co inc
1191,Getsafe Digital GmbH,abacon capital
